A CONSULTING TEAM INC,1040792,7380
A JJ PHARMA CORP,1140452,9995
A.C. Moore Arts  Crafts  Inc.,1042809,5945
A21 INC,1074436,7389
AAB NATIONAL CO,1321506,9995
AAMES INVESTMENT CORP,1282552,6798
Aames Mortgage Investment Trust 2004-1,1310737,6189
AAON INC,0824142,3585
AAR CORP,0001750,3720
AARON RENTS INC,0706688,7359
AASTROM BIOSCIENCES INC,0887359,8731
AAVID THERMAL TECHNOLOGIES INC,1003481,3679
AB HOLDING GROUP  INC.,0842289,3089
AB WATLEY GROUP INC,1035632,6211
ABATIX CORP,0845779,5084
ABAXIS INC,0881890,2835
ABAZIAS INC,1096208,9995
ABB LTD,1091587,8742
ABBEY NATIONAL PLC,1087711,6029
ABBOTT LABORATORIES,0001800,2834
ABER DIAMOND CORP,0841071,1000
ABERCROMBIE  FITCH CO /DE/,1018840,5651
ABFC ASSET-BACKED CERTIFICATES SERIES 2004-OPT1,1278400,6189
ABFC ASSET-BACKED CERTIFICATES SERIES 2004-OPT2,1285680,6189
ABFC Asset-Backed Certificates  Series 2004-FF1,1299114,6189
ABFC Asset-Backed Certificates  Series 2004-HE1,1301683,6189
ABIGAIL ADAMS NATIONAL BANCORP INC,0356809,6021
Abington Community Bancorp  Inc.,1292898,6036
ABIOMED INC,0815094,3841
ABITIBI CONSOLIDATED INC,1039778,2621
ABLE ENERGY INC,1065728,5990
ABLE LABORATORIES INC,0857171,2835
ABLEAUCTIONS COM INC,1099290,7389
ABLEST INC,0046653,7363
ABM INDUSTRIES INC /DE/,0771497,7340
ABN AMRO HOLDING N V,1038727,6099
ABN AMRO MORT CORP MULTI CLASS MORT PASS THR CERT SER 2003-3,1221052,6189
ABN AMRO MORT CORP MULTI CLASS MORT PASS THR CERT SER 2003-4,1224889,6189
ABN AMRO MORT SEC MULTI CLASS MORT PSTHR CERTS SER 2003-13,1274440,6189
ABN AMRO MORTGAGE CORP SERIES 2002-9,1209252,6189
ABN AMRO MORTGAGE MULTI-CLASS MOR PAS THR CER SER 2003-11,1265030,6189
ABRAXAS PETROLEUM CORP,0867665,1311
Abraxis BioScience  Inc.,1141399,2834
ABSOLUTE POTENTIAL  INC.,1002360,2851
ABX AIR INC,0894081,4513
ACACIA RESEARCH CORP,0934549,3670
ACADIA PHARMACEUTICALS INC,1070494,2834
ACADIA REALTY TRUST,0899629,6798
ACAMBIS PLC,1073965,2834
ACCELLENT CORP.,1297885,3841
ACCELR8 TECHNOLOGY CORP,0727207,3826
ACCELRYS  INC.,1002388,7372
ACCENTURE LTD,1134538,7389
ACCENTURE SCA,1143908,8742
ACCESS INTEGRATED TECHNOLOGIES INC,1173204,7389
ACCESS NATIONAL CORP,1176316,6035
ACCESS PHARMACEUTICALS INC,0318306,2834
ACCESS WORLDWIDE COMMUNICATIONS INC,1048422,8742
ACCESSORY SPECIALISTS INC,1104198,9995
ACCESSPOINT CORP /NV/,1104174,7389
ACCESSTEL INC /UT/,1063293,5700
ACCREDITED HOME LENDERS HOLDING CO,1174735,6162
ACCREDITED HOME LENDERS INC MORTGAGE LOAN TRUST 2004-1,1280796,6189
Accredited Mortgage Loan REIT Trust,1297178,6798
Accredited Mortgage Loan Trust 2004-2,1291615,6189
Accredited Mortgage Loan Trust 2004-3,1301550,6189
Accredited Mortgage Loan Trust 2004-4,1309236,6189
ACCUPOLL HOLDING CORP,0764794,3579
ACCURIDE CORP,0817979,3714
ACE AVIATION HOLDINGS INC.,1295721,4512
ACE CASH EXPRESS INC/TX,0849116,6099
ACE COMM CORP,1017526,7373
ACE LTD,0896159,6331
ACE SEC CORP WELLS FARGO FINANCIAL AUTO OWNER TRUST 2004-A,1283440,6189
ACE SECURITIES CORP HOME EQUITY LOAN TRUST SERIES 2004 FM1,1278063,6189
ACE SECURITIES CORP HOME EQUITY LOAN TRUST SERIES 2004 HE1,1285188,6189
ACE SECURITIES CORP HOME EQUITY LOAN TRUST SERIES 2004-OP1,1287674,6189
ACE Securities Corp Series 2004-FM2,1301937,6189
ACE Securities Corp Series 2004-HE3,1307531,6189
ACE Securities Corp Series 2004-HE4,1310211,6189
ACE Securities Corp Series 2004-IN1,1292206,6189
ACE Securities Corp Series 2004-RM1,1299275,6189
ACE Securities Corp Series 2004-SD1,1304949,6189
Ace Securities Corp Series HE2,1303985,6189
ACERGY S.A.,0898685,1389
ACETEX CORP,1002929,2870
ACETO CORP,0002034,5160
ACG HOLDINGS INC,0856710,2750
ACIES CORP,1138462,7371
ACL SEMICONDUCTOR INC,0934445,5065
ACME COMMUNICATIONS INC,1092013,4833
ACME UNITED CORP,0002098,3420
ACNB CORP,0715579,6022
ACR GROUP INC,0711307,5070
ACREX VENTURES LTD,1194506,1000
ACRO INC.,1228386,8742
ACRONGENOMICS INC,1104502,2835
ACROSS AMERICA REAL ESTATE CORP,1233275,6500
ACS - TECH 80 LTD,1038144,3670
ACT TELECONFERENCING INC,0918709,4899
ACTEL CORP,0907687,3674
ACTION PRODUCTS INTERNATIONAL INC,0747435,3944
ACTIONVIEW INTERNATIONAL INC,0789667,7900
ACTIS GLOBAL VENTURES INC,1161461,2833
ACTIVE POWER INC,1044435,4911
ACTIVECORE TECHNOLOGIES INC,1011601,7372
ACTIVEWORLDS COM INC,1089531,7389
ACTIVIDENTITY CORP,1183941,7372
ACTIVISION INC /NY,0718877,7372
ACTUANT CORP,0006955,3590
ACTUATE CORP,1062478,7372
ACUITY BRANDS INC,1144215,5160
AcuNetx  Inc.,1097575,3841
ACURA PHARMACEUTICALS  INC,0786947,2834
ACUSPHERE INC,1115143,2834
ACXIOM CORP,0733269,7374
ADA-ES INC,1223112,2890
AdAl Group Inc.,0810370,9995
ADAM INC,0863650,7372
ADAMS GOLF INC,1059763,3949
ADAMS RESOURCES  ENERGY  INC.,0002178,5172
Adams Respiratory Therapeutics  Inc.,1319439,2834
ADAPTEC INC,0709804,3576
ADASTRA MINERALS INC,1050602,1000
ADC TELECOMMUNICATIONS INC,0061478,3661
ADDISON DAVIS DIAGNOSTICS,0932127,2834
ADDVANTAGE TECHNOLOGIES GROUP INC,0874292,5000
ADE CORP,0884498,3825
ADECCO SA,0931496,7363
ADELPHIA COMMUNICATIONS CORP,0796486,4841
ADEPT TECHNOLOGY INC,0865415,3559
ADERA MINES LTD,1281629,1040
ADESA INC,1281949,5010
ADEZA BIOMEDICAL CORP,0902482,3825
ADHEREX TECHNOLOGIES INC,1211583,2836
ADM TRONICS UNLIMITED INC/DE,0849401,2891
ADMINISTAFF INC \DE\,1000753,7363
ADMIRAL FINANCIAL CORP,0828530,6035
ADMIRALTY HOLDING CO,0085684,1000
ADOBE SYSTEMS INC,0796343,7372
ADOLOR CORP,1076167,2834
ADSERO CORP,1103544,3570
ADSOUTH PARTNERS  INC.,1158235,7310
ADSTAR INC,1091599,7372
ADTRAN INC,0926282,3661
ADUDDELL INDUSTRIES INC,0928373,1700
Advance America  Cash Advance Centers  Inc.,1299704,6141
ADVANCE AUTO PARTS INC,1158449,5531
ADVANCE DISPLAY TECHNOLOGIES INC,0770034,6794
Advance Nanotech  Inc.,0354699,6799
ADVANCE TECHNOLOGIES INC,1081944,6770
ADVANCED ACCESSORY HOLDINGS CORP,1276721,3714
ADVANCED BATTERY TECHNOLOGIES  INC.,0745651,3690
Advanced BioPhotonics Inc.,1096182,3829
ADVANCED BIOTHERAPY INC,0791833,8731
ADVANCED CELL TECHNOLOGY  INC.,1140098,2834
ADVANCED COMMUNICATIONS TECHNOLOGIES INC,1100820,7389
ADVANCED DIGITAL INFORMATION CORP,0770403,3572
ADVANCED ENERGY INDUSTRIES INC,0927003,3679
ADVANCED ENVIRONMENTAL RECYCLING TECHNOLOGIES INC,0849706,2430
ADVANCED ID CORP,1005356,3674
ADVANCED LIGHTING TECHNOLOGIES INC,1002125,3640
ADVANCED LUMITECH INC,0894537,2600
ADVANCED MAGNETICS INC,0792977,2835
ADVANCED MEDIA TRAINING INC,1250485,7812
ADVANCED MEDICAL INSTITUTE INC.,1096620,8090
ADVANCED MEDICAL OPTICS INC,1168335,3841
ADVANCED MICRO DEVICES INC,0002488,3674
ADVANCED NUTRACEUTICALS INC/TX,0913614,2834
ADVANCED OPTICS ELECTRONICS INC,1020657,3827
ADVANCED OXYGEN TECHNOLOGIES INC,0352991,6794
ADVANCED PHOTONIX INC,0869986,3674
ADVANCED PLANT PHARMACEUTICALS INC,0943535,2020
Advanced Refractive Technologies  Inc.,1082249,3841
ADVANCED SEMICONDUCTOR ENGINEERING INC,1122411,3674
ADVANCED SPORTS TECHNOLOGIES INC,1160798,3841
ADVANCED TECHNOLOGIES GROUP LTD,1119046,9995
ADVANCED VIRAL RESEARCH CORP,0786623,2834
ADVANCIS PHARMACEUTICAL CORP,1161924,2834
ADVANSTAR COMMUNICATIONS INC,1062771,7389
ADVANSTAR INC,1064243,7389
ADVANT E CORP,0925043,7372
ADVANTA BUSINESS RECEIVABLES CORP,1107920,6189
ADVANTA CORP,0096638,6141
ADVANTEST CORP,1158838,3663
Advaxis  Inc.,1100397,2834
ADVENT SOFTWARE INC /DE/,1002225,7371
ADVENTRX PHARMACEUTICALS INC,1160308,2834
ADVISORY BOARD CO,1157377,8741
ADVO INC,0801622,7331
ADVOCAT INC,0919956,8051
ADX Corp.,1290246,2890
ADZONE RESEARCH INC,1102013,8700
AEC1 INC,1274893,2810
AEGIS ASSESSMENTS INC,1183075,3669
AEGIS ASSET BACKED SEC CORP MORT PAS THR CERT SERIES 2004 2,1287414,6189
AEGIS ASSET BACKED SEC TR MORT PASS THR CERT SER 2004 1,1277608,6189
AEGIS ASSET BACKED SECURITIES TRUST 2004-6,1312821,6189
AEGIS ASSET BACKED SECURITIES TRUST Mortgage Pass-Through Certificates  Series 2004-3,1296486,6189
AEGIS ASSET BACKED SECURITIES TRUST Mortgage Pass-Through Certificates  Series 2004-4,1302044,6189
AEGIS ASSET BACKED SECURITIES TRUST Mortgage Pass-Through Certificates  Series 2004-5,1307448,6189
AEGIS COMMUNICATIONS GROUP INC,0778426,7389
AEGON NV,0769218,6311
AEHR TEST SYSTEMS,1040470,3825
AEI INCOME  GROWTH FUND 23 LLC,1073363,6500
AEI INCOME  GROWTH FUND 24 LLC,1130758,6500
AEI INCOME  GROWTH FUND 25 LLC,1185198,6500
AEI INCOME  GROWTH FUND XXI LTD PARTNERSHIP,0931755,6500
AEI INCOME  GROWTH FUND XXII LTD PARTNERSHIP,1023458,6500
AEI NET LEASE INCOME  GROWTH FUND XIX LIMITED PARTNERSHIP,0868740,6500
AEI NET LEASE INCOME  GROWTH FUND XX LIMITED PARTNERSHIP,0894245,6500
AEI REAL ESTATE FUND XV LTD PARTNERSHIP,0793631,6500
AEI REAL ESTATE FUND XVII LIMITED PARTNERSHIP,0819577,6500
AEI REAL ESTATE FUND XVIII LIMITED PARTNERSHIP,0840459,6500
AEOLUS PHARMACEUTICALS  INC.,1261734,2834
AEP GENERATING CO /OH/,0857571,4911
AEP INDUSTRIES INC,0785787,3081
AEP TEXAS CENTRAL CO,0018734,4911
AEP TEXAS NORTH CO,0105860,4911
Aerobic Creations  Inc.,1311953,7822
AEROCENTURY CORP,1036848,7359
AEROFLEX INC,0002601,3674
AEROPOSTALE INC,1168213,5600
AEROSONIC CORP /DE/,0109471,3812
AEROTELESIS INC,0017544,4813
AES CORP,0874761,4991
AES GENER INC,0926075,4931
Aeterna Zentaris Inc.,1113423,2834
AETHER HOLDINGS INC,1093434,6799
AETHLON MEDICAL INC,0882291,3826
AETNA INC /PA/,1122304,6324
AETRIUM INC,0908598,3825
AF FINANCIAL GROUP,1064025,6021
AFC ENTERPRISES INC,1041379,5812
AFFILIATED COMPUTER SERVICES INC,0002135,7374
AFFILIATED MANAGERS GROUP INC,1004434,6282
AFFINITY GROUP INC,0910560,7900
AFFINITY TECHNOLOGY GROUP INC,1007508,6794
AFFIRMATIVE INSURANCE HOLDINGS INC,1282543,6331
AFFORDABLE RESIDENTIAL COMMUNITIES INC,1265131,6798
AFFYMETRIX INC,0913077,3826
AFG INVESTMENT TRUST C,0879496,7359
AFG INVESTMENT TRUST D,0879497,7359
AFLAC INC,0004977,6321
AFP IMAGING CORP,0319126,3861
AFTERMARKET TECHNOLOGY CORP,0933405,3714
Aftersoft Group,0832488,6770
AFV SOLUTIONS  INC.,1167868,3790
AGCO CORP /DE,0880266,3523
AGERE SYSTEMS INC,1129446,3674
AGILE SOFTWARE CORP,1088653,7372
AGILENT TECHNOLOGIES INC,1090872,3825
AGILYSYS INC,0078749,5065
AGL RESOURCES INC,1004155,4924
AGNICO EAGLE MINES LTD,0002809,1040
AGREE REALTY CORP,0917251,6798
AGRIUM INC,0943003,2870
AHPC Holdings  Inc.,0837038,5190
AIDA PHARMACEUTICALS INC,1220286,2834
AIMCO PROPERTIES LP,0926660,6513
AIMS WORLDWIDE INC,1094363,7900
AINSWORTH LUMBER CO LTD,1043289,2400
AIR BROOK AIRPORT EXPRESS INC,0803097,6799
AIR FRANCE-KLM /FI,1110452,4512
AIR METHODS CORP,0816159,4522
AIR PRODUCTS  CHEMICALS INC /DE/,0002969,2810
AIR T INC,0353184,4513
Airbee Wireless  Inc.,1297533,7372
AIRCRAFT LEASE PORTFOLIO SECURITISATION 92-1 LTD,1023626,6189
AIRGAS EAST INC,1158045,5160
AIRGAS INC,0804212,5084
AIRNET COMMUNICATIONS CORP,0944163,3663
AIRNET SYSTEMS INC,1011696,4512
AIRSPAN NETWORKS INC,1105542,3663
AIRTRAN HOLDINGS INC,0948846,4512
AIRTRAX INC,1081372,3537
AIXTRON AG,1089496,3559
AJAY SPORTS INC,0854858,3949
AJS BANCORP INC,1144515,6021
AK STEEL HOLDING CORP,0918160,3312
AKAMAI TECHNOLOGIES INC,1086222,7389
AKESIS PHARMACEUTICALS  INC.,1042420,7389
AKORN INC,0003116,2834
AKSYS LTD,0902600,3845
AKTIEBOLAGET ELECTROLUX,0813810,3630
AKTIEBOLAGET VOLVO \PUBL\,0753762,3711
AKZO NOBEL NV,0003124,2800
ALABAMA GAS CORP,0003146,4924
ALABAMA NATIONAL BANCORPORATION,0926966,6022
ALABAMA POWER CO,0003153,4911
ALADDIN KNOWLEDGE SYSTEMS LTD,0911364,7373
ALAMO GROUP INC,0897077,3523
ALAMOS GOLD INC,1178819,1400
ALANCO TECHNOLOGIES INC,0098618,3572
ALASKA AIR GROUP INC,0766421,4512
ALASKA AIRLINES INC,0003202,4512
ALASKA COMMUNICATIONS SYSTEMS GROUP INC,1089511,4813
ALASKA COMMUNICATIONS SYSTEMS HOLDINGS INC,1089510,4813
ALASKA PACIFIC BANCSHARES INC,1081860,6035
ALBANY INTERNATIONAL CORP /DE/,0819793,2221
ALBANY MOLECULAR RESEARCH INC,1065087,8731
ALBEMARLE CORP,0915913,2821
ALBERTA STAR DEVELOPMENT CORP,1142462,1000
ALBERTO CULVER CO,0003327,5990
ALBERTSONS INC /DE/,0003333,5411
ALCAN INC,0004285,3330
ALCATEL,0886125,3661
ALCiS Health  Inc.,0904145,6770
ALCO  INC.,0734543,6331
ALCOA INC,0004281,3350
ALCON INC,1167379,3851
Aldabra Acquisition CORP,1310817,6770
ALDERWOODS GROUP INC,0927914,7200
ALDILA INC,0902272,3949
Aleris International  Inc.,0202890,3341
ALESTRA,1098504,4813
ALEXANDER  BALDWIN INC,0003453,4400
ALEXANDERS INC,0003499,6798
ALEXANDERS J CORP,0103884,5812
ALEXANDRIA REAL ESTATE EQUITIES INC,1035443,6798
ALFA CORP,0743532,6331
ALFA INTERNATIONAL HOLDINGS CORP.,0820600,9995
ALFA LAVAL SPECIAL FINANCE AB,1144396,3433
ALFACELL CORP,0708717,2836
ALICO INC,0003545,0100
ALIGN TECHNOLOGY INC,1097149,3842
ALIMENTATION COUCHE TARD INC,1081825,5412
ALION SCIENCE  TECHNOLOGY CORP,1166568,8731
ALKERMES INC,0874663,2834
ALL AMERICAN SEMICONDUCTOR INC,0818074,5065
ALL AMERICAN SPORTPARK INC,0930245,5900
ALL STATE PROPERTIES LP,0745543,1531
ALLBRITTON COMMUNICATIONS CO,0889156,4833
ALLEGHANY CORP /DE,0775368,6331
ALLEGHENY BANCSHARES INC,1213662,6035
ALLEGHENY ENERGY  INC,0003673,4911
ALLEGHENY GENERATING CO,0774459,4911
ALLEGHENY TECHNOLOGIES INC,1018963,3317
ALLERGAN INC,0850693,2834
ALLERGY RESEARCH GROUP INC,1044119,5122
ALLETE INC,0066756,4931
ALLIANCE ATLANTIS COMMUNICATIONS INC,1005887,7812
ALLIANCE BANCSHARES CALIFORNIA,1140472,6021
ALLIANCE BANKSHARES CORP,1181001,6021
ALLIANCE DATA SYSTEMS CORP,1101215,7389
Alliance Distributors Holding Inc.,1115463,3577
ALLIANCE FIBER OPTIC PRODUCTS INC,1122342,3674
ALLIANCE FINANCIAL CORP /NY/,0796317,6021
ALLIANCE HEALTH INC,0822434,8011
ALLIANCE HEALTHCARD INC,1087216,7331
ALLIANCE IMAGING INC /DE/,0817135,8071
ALLIANCE LAUNDRY CORP,1063697,5080
ALLIANCE LAUNDRY HOLDINGS LLC,1063698,5080
ALLIANCE LAUNDRY SYSTEMS LLC,1063699,5080
ALLIANCE ONE INTERNATIONAL  INC.,0939930,5150
ALLIANCE PHARMACEUTICAL CORP,0736994,2835
ALLIANCE RESOURCE PARTNERS LP,1086600,1221
ALLIANCE SEMICONDUCTOR CORP /DE/,0913293,3674
ALLIANCEBERNSTEIN HOLDING L.P.,0825313,6282
ALLIANCEBERNSTEIN L.P.,1109448,6282
ALLIANT ENERGY CORP,0352541,4931
ALLIANT TECHSYSTEMS INC,0866121,3760
ALLIANZ AKTIENGESELLSCHAFT,1127508,6411
ALLIED BANCSHARES INC,1259339,6021
ALLIED DEFENSE GROUP INC,0003952,3480
ALLIED HEALTHCARE INTERNATIONAL INC,0890634,8082
ALLIED HEALTHCARE PRODUCTS INC,0874710,3842
ALLIED HOLDINGS INC,0909950,4213
ALLIED IRISH BANKS PLC,0850364,6029
ALLIED MOTION TECHNOLOGIES INC,0046129,3825
ALLIED RESOURCES INC,1211524,1382
Allied Security Holdings LLC,1301566,7381
ALLIED WASTE INDUSTRIES INC,0848865,4953
ALLIN CORP,1020391,7373
ALLION HEALTHCARE INC,0847935,5122
Allis Chalmers Energy Inc.,0003982,1389
ALLOS THERAPEUTICS INC,1097264,2834
ALLOY  INC,1080359,5961
ALLOY STEEL INTERNATIONAL INC,1127454,3320
ALLSCRIPTS HEALTHCARE SOLUTIONS INC,1124804,5122
AllShips Ltd.,1083725,9995
ALLSTATE CORP,0899051,6331
ALLSTATE LIFE GLOBAL FUNDING,1176267,6189
ALLSTATES WORLDCARGO INC,1072293,4731
ALLTEL CORP,0065873,4812
ALLURA INTERNATIONAL INC,1082741,5094
ALMADEN MINERALS LTD,1015647,1000
ALMOST FAMILY INC,0799231,8300
ALNILAM CORP,1128288,6770
ALNYLAM PHARMACEUTICALS  INC.,1178670,2834
ALP LIQUIDATING TRUST,0814046,1531
ALPHA GOLD CORP,1157807,1040
ALPHA INNOTECH CORP,0830736,3826
Alpha Natural Resources  Inc.,1310243,1221
ALPHA PRO TECH LTD,0884269,3842
ALPHA SPACECOM INC,0763245,7372
ALPHARMA INC,0730469,2834
ALPHARX INC,1114936,2834
ALPHATRADE COM,1076462,7389
ALPINE AIR EXPRESS INC/DE,1092807,4522
ALPINE GROUP INC /DE/,0004164,3357
ALR TECHNOLOGIES INC,1087022,3669
ALTAIR NANOTECHNOLOGIES INC,1016546,2890
ALTANA    AKTIENGESELLSCHAFT,1182802,2834
ALTEON INC /DE,0878903,2834
ALTERA CORP,0768251,3674
ALTERNATE ENERGY CORP,1075773,2810
ALTERNATIVE ASSET GROWTH FUND L P,0851998,6792
ALTERNATIVE ENERGY SOURCES INC,1175867,8742
Alternative Loan Trust 2004-10CB,1291956,6189
Alternative Loan Trust 2004-12CB,1291946,6189
Alternative Loan Trust 2004-13CB,1291955,6189
Alternative Loan Trust 2004-14T2,1296345,6189
ALTERNATIVE LOAN TRUST 2004-15,1298682,6189
Alternative Loan Trust 2004-16CB,1296346,6189
ALTERNATIVE LOAN TRUST 2004-17CB,1299206,6189
Alternative Loan Trust 2004-18CB,1299134,6189
ALTERNATIVE LOAN TRUST 2004-20T1,1299016,6189
ALTERNATIVE LOAN TRUST 2004-22CB,1301777,6189
ALTERNATIVE LOAN TRUST 2004-24CB,1304832,6189
ALTERNATIVE LOAN TRUST 2004-25CB,1307181,6189
ALTERNATIVE LOAN TRUST 2004-26T1,1307180,6189
Alternative Loan Trust 2004-27CB,1307365,6189
Alternative Loan Trust 2004-7T1,1288867,6189
Alternative Loan Trust 2004-8CB,1289064,6189
ALTERNATIVE LOAN TRUST 2004-9T1,1291970,6189
Alternative Loan Trust 2004-J7,1302190,6189
Alternative Loan Trust 2004-J8,1302120,6189
Alternative Loan Trust 2004-J9,1304973,6189
ALTERNATIVE LOAN TRUST MORT PASS THROUGH CERT SERIES 2003-4,1234577,6189
ALTERNET SYSTEMS INC,1126003,7372
ALTEX INDUSTRIES INC,0775057,1311
ALTIGEN COMMUNICATIONS INC,1003607,3661
ALTIRIS INC,1139650,7372
ALTO PALERMO SA APSA,1128173,6512
ALTRIA GROUP  INC.,0764180,2000
ALTUS EXPLORATIONS INC,1165639,1040
ALUMINA LTD,0857071,3330
ALUMINUM CORP OF CHINA LTD,1161611,3334
ALVARION LTD,1108332,3661
AM MARKETING INC,1133265,9995
AMACORE GROUP  INC.,0949394,7389
AMADOR GOLD CORP,1266833,1040
AMANASU ENVIRONMENT CORP,1142801,4955
AMANASU TECHNOLOGIES CORP,1168663,3751
AMARC RESOURCES LTD,1175596,1040
AMARILLO BIOSCIENCES INC,1014763,2834
AMARIN CORP PLC\UK,0897448,2834
AMARU INC,1139822,7389
AMASYS CORP,1023198,6799
AMAZON BIOTECH INC,1088781,2834
AMAZON COM INC,1018724,5961
AMB FINANCIAL CORP,0915393,6035
AMB PROPERTY CORP,1045609,6798
AMB PROPERTY LP,1045610,6500
AMBAC FINANCIAL GROUP INC,0874501,6351
AMBASE CORP,0020639,6282
AMBASSADORS GROUP INC,1162315,8200
AMBASSADORS INTERNATIONAL INC,0946842,4700
AMBIENT CORP /NY,1047919,4813
AMC ENTERTAINMENT INC,0722077,7830
AMCOL INTERNATIONAL CORP,0813621,1400
AMCON DISTRIBUTING CO,0928465,5141
AMCOR LTD,0869428,3990
AMCORE FINANCIAL INC,0714756,6021
AMDL INC,0838879,3841
AMDOCS LTD,1062579,7371
AMEDIA NETWORKS  INC.,0933955,3577
AMEDISYS INC,0896262,8082
AMEN PROPERTIES INC,1037599,6798
AMERA LINK INC,1133266,9995
Amera Resources CORP,1303180,1400
AMERALIA INC,0811419,1400
AMERCO /NV/,0004457,7510
AMERENENERGY GENERATING CO,1135361,4911
AMERIANA BANCORP,0855574,6035
AMERICA FIRST APARTMENT INVESTORS INC,1175167,6798
AMERICA FIRST TAX EXEMPT INVESTORS LP,1059142,6199
AMERICA MOVIL SA DE CV/,1129137,4813
AMERICA SERVICE GROUP INC /DE,0877476,8090
AMERICA WEST AIRLINES INC,0706270,4512
AMERICA WEST HOLDINGS CORP,1029863,4512
AMERICAN ACCESS TECHNOLOGIES INC,1043186,3444
AMERICAN ACHIEVEMENT CORP,1168468,3911
AMERICAN AFFORDABLE HOUSING II LIMITED PARTNERSHIP,0815024,6513
AMERICAN AIRLINES INC,0004515,4512
AMERICAN AMMUNITION INC/FL,1123648,3990
AMERICAN ASSET MANAGEMENT CORP,0852015,6162
AMERICAN AXLE  MANUFACTURING HOLDINGS INC,1062231,3714
AMERICAN BANK INC,1163747,6021
AMERICAN BANK NOTE HOLOGRAPHICS INC,1052489,7389
AMERICAN BAR ASSOCIATION MEMBERS STATE STREET COLLECTIVE TR,0878375,6799
AMERICAN BEVERAGE CO AMBEV,1113172,2080
AMERICAN BILTRITE INC,0004611,3089
AMERICAN BIO MEDICA CORP,0896747,2834
American Bonanza Gold Corp.,1072019,1000
AMERICAN BUSINESS CORP,0820408,4213
AMERICAN BUSINESS FINANCIAL SERVICES INC /DE/,0772349,6162
AMERICAN CAMPUS COMMUNITIES INC,1283630,6798
AMERICAN CAPITAL HOLDINGS INC,1288012,6770
American Casino  Entertainment Properties LLC,1297735,7990
AMERICAN CELLULAR CORP /DE/,1067075,4812
AMERICAN CHURCH MORTGAGE CO,0934543,6500
AMERICAN CLAIMS EVALUATION INC,0774517,8300
AMERICAN COLOR GRAPHICS INC,0856709,2750
AMERICAN COMMERCE SOLUTIONS Inc,0949982,3559
AMERICAN COMMUNITY BANCSHARES INC,1106980,6022
AMERICAN COMMUNITY PROPERTIES TRUST,1065645,6552
AMERICAN CONSOLIDATED MANAGEMENT GROUP INC,0891713,1000
AMERICAN CONSUMERS INC,0004811,5411
AMERICAN CRYSTAL SUGAR CO /MN/,0004828,2060
AMERICAN DAIRY INC,0789868,2020
AMERICAN DENTAL PARTNERS INC,1028087,8090
AMERICAN EAGLE OUTFITTERS INC,0919012,5651
AMERICAN ECOLOGY CORP,0742126,4953
AMERICAN EDUCATION CORP,0705003,7372
AMERICAN ELECTRIC POWER CO INC,0004904,4911
AMERICAN ENERGY GROUP LTD,0843212,1311
AMERICAN EQUITY INVESTMENT LIFE HOLDING CO,1039828,6311
AMERICAN EXPRESS CENTURION BANK,0949348,6189
AMERICAN EXPRESS CO,0004962,6199
AMERICAN EXPRESS CREDIT ACCOUNT MASTER TRUST,1003509,6189
AMERICAN EXPRESS CREDIT CORP,0004969,6153
AMERICAN EXPRESS MASTER TRUST,0887616,6189
AMERICAN EXPRESS RECEIVABLES FINANCING CORP,0887617,6189
AMERICAN EXPRESS RECEIVABLES FINANCING CORP II,0949349,6189
AMERICAN EXPRESS RECEIVABLES FINANCING CORP III LLC,1283434,6189
AMERICAN EXPRESS RECEIVABLES FINANCING CORP IV LLC,1283435,6189
AMERICAN FINANCIAL GROUP INC,1042046,6331
AMERICAN FINANCIAL REALTY TRUST,1193558,6798
AMERICAN FRONTIERS MARKETING CO,1101915,6770
AMERICAN GENERAL FINANCE CORP,0025598,6141
AMERICAN GENERAL FINANCE INC,0025600,6141
AMERICAN GOLDEN CENTURY INVESTMENTS INC,1094656,7389
AMERICAN GOLDFIELDS INC,1167886,1400
AMERICAN GREETINGS CORP,0005133,2771
AMERICAN HEALTHCHOICE INC /NY/,0854862,8011
American Home Food Products  Inc.,0945634,3272
AMERICAN HOME MORTGAGE INVESTMENT CORP,1256536,6798
AMERICAN HOME MORTGAGE INVESTMENT TRUST 2004-3,1304963,6189
AMERICAN HOMEPATIENT INC,0879181,8082
AMERICAN INDEPENDENCE CORP,0097196,6321
AMERICAN INTERNATIONAL GROUP INC,0005272,6331
AMERICAN INTERNATIONAL INDUSTRIES INC,1073146,6799
AMERICAN INTERNATIONAL VENTURES INC /DE/,0005656,9995
AMERICAN ISRAELI PAPER MILLS LTD,0005337,2621
AMERICAN ITALIAN PASTA CO,0849667,2090
AMERICAN LAND LEASE INC,0804138,6798
AMERICAN LEISURE HOLDINGS  INC.,1124197,6500
AMERICAN LIFE HOLDING CO INC,1187449,6411
AMERICAN LOCKER GROUP INC,0008855,2540
AMERICAN MEDIA OPERATIONS INC,0853927,2721
AMERICAN MEDICAL ALERT CORP,0700721,7380
AMERICAN MEDICAL SYSTEMS HOLDINGS INC,1114200,3842
AMERICAN MEDICAL TECHNOLOGIES INC/DE,0874388,3843
AMERICAN MORTGAGE ACCEPTANCE CO,0878774,6798
AMERICAN NATIONAL BANKSHARES INC,0741516,6021
AMERICAN NATURAL ENERGY CORP,0870732,1311
AMERICAN OIL  GAS INC,1120916,1311
AMERICAN ORIENTAL BIOENGINEERING INC,1090514,2834
AMERICAN PACIFIC CORP,0350832,2810
AMERICAN PETRO-HUNTER INC,1040482,1389
AMERICAN PHYSICIANS CAPITAL INC,1118148,6324
AMERICAN PHYSICIANS SERVICE GROUP INC,0724024,8741
AMERICAN POWER CONVERSION CORPORATION,0835910,3620
AMERICAN REAL ESTATE PARTNERS L P,0813762,6512
AMERICAN REALTY INVESTORS INC,1102238,6510
American Reprographics CO,1305168,7330
AMERICAN REPUBLIC REALTY FUND I,0711512,6500
AMERICAN RETIREMENT CORP,0787784,8051
AMERICAN RIVER Bankshares,1108236,6022
AMERICAN ROCK SALT CO LLC,1073713,1400
AMERICAN SAFETY INSURANCE HOLDINGS LTD,0783603,6411
AMERICAN SCIENCE  ENGINEERING INC,0005768,3844
American Security Resources Corp.,1085069,3621
AMERICAN SHARED HOSPITAL SERVICES,0744825,8071
AMERICAN SKIING CO /ME,1043432,7990
AMERICAN SOIL TECHNOLOGIES INC,1031896,2870
AMERICAN SOUTHWEST HOLDINGS INC,1001516,9995
AMERICAN SPECTRUM REALTY INC,1121783,6798
AMERICAN SPORTS DEVELOPMENT GROUP INC,1073874,5190
AMERICAN STANDARD COMPANIES INC,0836102,3585
AMERICAN STATES WATER CO,1056903,4941
AMERICAN SUPERCONDUCTOR CORP /DE/,0880807,3621
AMERICAN TAX CREDIT PROPERTIES II L P,0842314,6513
AMERICAN TAX CREDIT PROPERTIES III LP,0856135,6513
AMERICAN TAX CREDIT PROPERTIES LP,0830159,6513
AMERICAN TAX CREDIT TRUST SERIES I,0897315,6513
AMERICAN TECHNOLOGIES GROUP INC,0878547,3440
AMERICAN TECHNOLOGY CORP /DE/,0924383,3651
AMERICAN TIRE DISTRIBUTORS INC,1068152,5013
AMERICAN TOWER CORP /MA/,1053507,4899
AMERICAN UNITED GOLD CORP,1079222,2870
AMERICAN VANGUARD CORP,0005981,2870
AMERICAN VANTAGE COMPANIES,0315428,8741
AMERICAN WAGERING INC,1005214,7990
AMERICAN WATER STAR  INC,1041580,2080
AMERICAN WOODMARK CORP,0794619,2430
AMERICANA PUBLISHING INC,1081751,2741
AMERICANWEST BANCORPORATION,0726990,6022
AMERICAS CARMART INC,0799850,5500
AMERICASBANK CORP,1040491,6035
AMERICHIP INTERNATIONAL INC,1132487,3550
AmeriCredit Automobile Receivables Trust 2004-1,1292113,6189
AMERICREDIT AUTOMOBILE RECEIVABLES TRUST 2004-A-F,1279447,6189
AMERICREDIT AUTOMOBILE RECEIVABLES TRUST 2004-B-M,1286822,6189
AmeriCredit Automobile Receivables Trust 2004-C-A,1301765,6189
AmeriCredit Automobile Receivables Trust 2004-D-F,1308150,6189
AMERICREDIT CORP,0804269,6199
AMERIGAS FINANCE CORP,0945792,5990
AMERIGAS PARTNERS LP,0932628,5990
AMERIGON INC,0903129,3714
AMERIGROUP CORP,1064863,6324
amerimine resources  inc.,1075861,3911
AMERINST INSURANCE GROUP LTD,1065201,6399
AMERIPATH INC,1027532,8071
AMERIQUEST MORTGAGE SEC INC AS BK PAS THR CERS SER 2004 FR1,1286741,6189
AMERIQUEST MORTGAGE SEC INC ASSET BK PAS THR CERT SE 2004 R3,1286486,6189
AMERIQUEST MORTGAGE SECURITIES INC ASSET BACK SER 2004-R1,1279113,6189
AMERIQUEST MORTGAGE SECURITIES INC ASSET-BACKED PASS-THROUGH CERTIFICATES SERIES 2004-R4,1289445,6189
AMERIQUEST MORTGAGE SECURITIES INC ASSET-BACKED PASS-THROUGH CERTIFICATES SERIES 2004-R6,1293294,6189
AMERIQUEST MORTGAGE SECURITIES INC ASSET-BACKED PASS-THROUGH CERTIFICATES SERIES 2004-R7,1296366,6189
AMERIQUEST MORTGAGE SECURITIES INC ASSET-BACKED PASS-THROUGH CERTIFICATES SERIES 2004-R8,1299121,6189
AMERIQUEST MORTGAGE SECURITIES INC ASSET-BACKED PASS-THROUGH CERTIFICATES SERIES 2004-R9,1302012,6189
AMERIQUEST MORTGAGE SECURITIES INC. ASSET-BACKED PASS-THROUGH CERTIFICATES SERIES 2004-IA1,1303633,6189
AMERIQUEST MORTGAGE SECURITIES INC. ASSET-BACKED PASS-THROUGH CERTIFICATES SERIES 2004-R10,1305435,6189
AMERIQUEST MORTGAGE SECURITIES INC. ASSET-BACKED PASS-THROUGH CERTIFICATES SERIES 2004-R11,1307847,6189
AMERIRESOURCE TECHNOLOGIES INC,0876490,7389
Ameris Bancorp,0351569,6022
AMERISERV FINANCIAL INC /PA/,0707605,6021
AMERISOURCEBERGEN CORP,1140859,5122
AMERISTAR CASINOS INC,0912145,7990
AMERITYRE CORP,0945828,3011
AMERIVEST PROPERTIES INC,0927102,6798
AMERON INTERNATIONAL CORP,0790730,3270
AMERUS GROUP CO/IA,1051717,6311
AMES NATIONAL CORP,1132651,6021
Ames True Temper  Inc.,1297756,3524
AMETEK INC/,1037868,3621
AMEXDRUG CORP,0045621,5122
AMF BOWLING WORLDWIDE INC,1015535,7900
AMG OIL LTD,1109504,1382
AMGEN INC,0318154,2836
AMH Holdings  Inc.,1289559,3089
AMICAS  Inc.,1028584,7372
AMIS HOLDINGS INC,1161963,3674
AMISTAR CORP,0741559,3559
AMKOR TECHNOLOGY INC,1047127,3674
AML COMMUNICATIONS INC,1003640,3669
AMLI RESIDENTIAL PROPERTIES TRUST,0914724,6798
AMN HEALTHCARE SERVICES INC,1142750,8090
AMP PRODUCTIONS LTD,1242513,7812
AMPAL-AMERICAN ISRAEL CORP,0731859,6799
AMPCO PITTSBURGH CORP,0006176,3561
AMPEX CORP /DE/,0887433,3663
AMPHENOL CORP /DE/,0820313,3678
AMR CORP,0006201,4512
AMRECORP REALTY FUND II,0745061,6500
AMRECORP REALTY FUND III,0776813,6500
AMREIT,0913957,6798
AMREP CORP,0006207,7389
AMS HEALTH SCIENCES INC,0841866,5099
AMS HOMECARE INC,1201784,5047
AMSCAN HOLDINGS INC,1024729,2650
AMSOUTH BANCORPORATION,0003133,6022
AMSURG CORP,0895930,8011
AMTECH SYSTEMS INC,0720500,3559
AMTROL INC /RI/,0853547,3443
AMVESCAP PLC/LONDON/,0914208,6282
AMYLIN PHARMACEUTICALS INC,0881464,2834
ANADARKO PETROLEUM CORP,0773910,1311
ANADIGICS INC,0940332,3674
ANADYS PHARMACEUTICALS INC,1128495,2834
ANALEX CORP,0044800,7370
ANALOG DEVICES INC,0006281,3674
ANALOGIC CORP,0006284,3825
ANALYSTS INTERNATIONAL CORP,0006292,7371
ANALYTICAL SURVEYS INC,0753048,7389
ANAREN  INC,0006314,3663
ANCHOR BANCORP WISCONSIN INC,0885322,6036
ANDERSONS INC,0821026,5150
ANDINA BOTTLING CO INC,0925261,2086
ANDREA ELECTRONICS CORP,0006494,3663
ANDREW CORP,0317093,3357
ANDRX CORP /DE/,1123337,2834
ANESIVA  INC.,1131517,2834
ANGEION CORP/MN,0815093,3841
ANGELCITI ENTERTAINMENT INC /FL/,1084122,7990
ANGELES INCOME PROPERTIES LTD 6,0812564,6500
ANGELES INCOME PROPERTIES LTD II,0711642,6500
ANGELES OPPORTUNITY PROPERTIES LTD,0789282,6500
ANGELES PARTNERS IX,0313499,6512
ANGELES PARTNERS X,0317900,6500
ANGELES PARTNERS XI,0702986,6500
ANGELES PARTNERS XII,0720392,6500
ANGELICA CORP /NEW/,0006571,7200
ANGIODYNAMICS INC,1275187,3841
AngioGenex  Inc.,1085596,4899
ANGIOTECH PHARMACEUTICALS INC,1096481,2834
ANGLO SWISS RESOURCES INC,0277910,1040
ANGLOGOLD ASHANTI LTD,1067428,1040
ANHEUSER-BUSCH COMPANIES  INC.,0310569,2082
ANIKA THERAPEUTICS INC,0898437,3841
ANIXTER INTERNATIONAL INC,0052795,5063
ANMORE INC,1252278,9995
ANNALY CAPITAL MANAGEMENT INC,1043219,6798
ANNAPOLIS BANCORP INC,1041429,6021
ANNTAYLOR STORES CORP,0874214,5621
ANOORAQ RESOURCES CORP,1028277,1000
ANR PIPELINE CO,0065695,4922
ANSELL LTD,0791440,3060
ANSOFT CORP,0849433,7372
Answers CORP,1283073,7372
ANSWERTHINK INC,1057379,8742
ANSYS INC,1013462,7372
ANTARES PHARMA INC,1016169,3841
ANTHONY CLARK INTERNATIONAL INSURANCE BROKERS LTD,1098712,6411
ANTHRACITE CAPITAL INC,1050112,6798
ANTICUS INTERNATIONAL CORP,1192494,8200
ANTIGENICS INC /DE/,1098972,2836
ANTS SOFTWARE INC,0796655,7371
ANVIL HOLDINGS INC,1038274,2253
ANWORTH MORTGAGE ASSET CORP,1047884,6798
ANZ CAPEL COURT LTD,1133529,6189
AON CORP,0315293,6321
AP HENDERSON GROUP,1096653,9995
AP PHARMA INC /DE/,0818033,2834
APA Enterprises  Inc.,0796505,3827
APAC CUSTOMER SERVICE INC,0949297,7389
APACHE CORP,0006769,1311
APACHE OFFSHORE INVESTMENT PARTNERSHIP,0727538,1311
APCO ARGENTINA INC/NEW,0311471,1311
APD ANTIQUITIES  INC.,1289046,6770
APEX CAPITAL GROUP INC,1086141,9995
APEX RESOURCES GROUP INC,0742248,6221
APEX SILVER MINES LTD,1011509,1040
APHTON CORP,0840319,2836
API ELECTRONICS GROUP INC,1022282,7374
APIVA VENTURES LTD,1000791,1040
APOGEE ENTERPRISES INC,0006845,3231
APOGEE TECHNOLOGY INC,0823876,3674
APOGENT TECHNOLOGIES INC,0824803,3821
APOLLO GOLD CORP,0938113,1040
APOLLO GROUP INC,0929887,8200
APOLLO RESOURCES INTERNATIONAL INC,1048237,1311
APOLO GOLD  ENERGY INC.,1040721,1000
APPALACHIAN BANCSHARES INC,1019883,6022
APPALACHIAN POWER CO,0006879,4911
APPIAN  INC.,1016082,7372
APPLE COMPUTER INC,0320193,3571
APPLE HOSPITALITY FIVE INC,1191813,6798
APPLE HOSPITALITY TWO INC,1132747,6798
APPLE REIT SIX INC,1277151,6798
APPLEBEES INTERNATIONAL INC,0853665,5812
APPLERA CORP,0077551,3826
APPLETON PAPERS INC/WI,1144326,2670
APPLIANCE RECYCLING CENTERS OF AMERICA INC /MN,0862861,5700
APPLICA INC,0217084,3634
APPLIED DIGITAL SOLUTIONS INC,0924642,3669
APPLIED DNA SCIENCES INC,0744452,2836
APPLIED IMAGING CORP,0816066,3841
APPLIED INDUSTRIAL TECHNOLOGIES INC,0109563,5080
APPLIED INNOVATION INC,0798399,3661
APPLIED MATERIALS INC /DE,0006951,3674
APPLIED MEDICAL DEVICES INC,0312258,9995
APPLIED MICRO CIRCUITS CORP,0711065,3674
APPLIED NEUROSOLUTIONS INC,0872947,2836
APPLIED SIGNAL TECHNOLOGY INC,0741696,3669
APPLIED SPECTRUM TECHNOLOGIES INC,0705868,3661
APPLIX INC /MA/,0932112,7372
APRIA HEALTHCARE GROUP INC,0882289,8082
APT SATELLITE HOLDINGS LTD,1027229,4899
APTARGROUP INC,0896622,3089
APTIMUS INC,1087277,7389
AQUA AMERICA INC,0078128,4941
AQUA SOCIETY  INC.,1213111,3590
AQUANTIVE INC,1071806,7389
AQUENTIUM INC,0918997,1540
AQUILA  INC,0066960,4911
ARABIAN AMERICAN DEVELOPMENT CO,0007039,2911
ARACRUZ CELLULOSE S A,0883952,2611
ARADIGM CORP,1013238,3845
ARADYME CORP,1123580,7372
ARAMARK CORP/DE,1144528,5812
ARAUCO  CONSTITUTION PULP INC,1004156,2611
ARBINET THEXCHANGE INC,1136655,7389
ARBIOS SYSTEMS INC,1138862,3841
ARBITRON INC,0109758,8700
ARBOR ENTECH CORP,0710782,6770
ARBOR REALTY TRUST INC,1253986,6798
ARC CORPORATE REALTY TRUST INC,1230358,6798
ARC ENERGY TRUST,1029509,1311
ARC WIRELESS SOLUTIONS INC,0826326,4899
ARCADIA RESOURCES  INC,1071941,7200
ARCADIS N V,0913596,8711
ARCH CAPITAL GROUP LTD.,0947484,6331
ARCH CHEMICALS INC,1072343,2800
ARCH COAL INC,1037676,1221
ARCH WESTERN RESOURCES LLC,1255895,1221
ARCHER DANIELS MIDLAND CO,0007084,2070
ARCHON CORP,0812482,7990
ARCHSTONE SMITH OPERATING TRUST,0080737,6798
ARCHSTONE SMITH TRUST,1156826,6798
ARCTIC CAT INC,0719866,3790
ARDEN GROUP INC,0225051,5411
Ardent Acquisition CORP,1303849,6770
ARDENT MINES LTD,1129018,1040
ARENA PHARMACEUTICALS INC,1080709,2834
ARENA RESOURCES INC,1123871,1311
ARETE INDUSTRIES INC,0820901,1311
ARGAN INC,0100591,2833
ARGENT SECURITIES ASSET BCKED PASS THROUGH CERTS SER 2004-W4,1283045,6189
ARGENT SECURITIES INC ASSET BACK PASS THR CERTS SER 2004 W2,1282417,6189
ARGENT SECURITIES INC ASSET BACK PASS THR CERTS SER 2004 W3,1282391,6189
ARGENT SECURITIES INC ASSET BACK PASS THR CERTS SER 2004-W5,1286297,6189
ARGENT SECURITIES INC ASSET BACK PASS THR CERTS SER 2004-W6,1286260,6189
ARGENT SECURITIES INC ASSET-BACKED PASS-THROUGH CERTIFICATES SEIRES 2004-W8,1289764,6189
ARGENT SECURITIES INC ASSET-BACKED PASS-THROUGH CERTIFICATES SERIES 2004-W7,1289313,6189
ARGENT SECURITIES INC ASSET-BACKED PASS-THROUGH CERTIFICATES  SERIES 2004-PW1,1292352,6189
ARGENT SECURITIES INC ASSET-BACKED PASS-THROUGH CERTIFICATES  SERIES 2004-W10,1302636,6189
ARGENT SECURITIES INC ASSET-BACKED PASS-THROUGH CERTIFICATES  SERIES 2004-W11,1305686,6189
ARGENT SECURITIES INC ASSET-BACKED PASS-THROUGH CERTIFICATES  SERIES 2004-W9,1292658,6189
ARGENT SECURITIES INC ASST BACK PASS THR CERTS SER 20003-W10,1274488,6189
ARGENTA SYSTEMS INC,1091294,7389
ARGENTEX MINING CORP,1167887,1400
ARGO TECH CORP,1047837,3724
ARGON ST  Inc.,0026537,3829
ARGONAUT GROUP INC,0800082,6331
ARGOSY MINERALS INC,1047363,1000
ARI NETWORK SERVICES INC /WI,0879796,7370
ARIAD PHARMACEUTICALS INC,0884731,2836
ARIBA INC,1084755,7372
ARIEL WAY INC,1145254,6794
ARISTOTLE CORP,0790071,3841
ARIZONA LAND INCOME CORP,0830748,6798
ARIZONA PUBLIC SERVICE CO,0007286,4931
ARK RESTAURANTS CORP,0779544,5812
ARKANSAS BEST CORP /DE/,0894405,4213
ARKONA INC,0925662,7373
ARLINGTON HOSPITALITY INC,0778423,7011
Arlington Tankers Ltd.,1305507,4412
ARM HOLDINGS PLC,1057997,3674
Armor Electric  Inc.,1211768,9995
ARMOR HOLDINGS INC,0845752,3842
ARMSTRONG HOLDINGS INC /PA/,1109304,3089
ARMSTRONG WORLD INDUSTRIES INC,0007431,3089
AROTECH CORP,0916529,3690
ARQULE INC,1019695,2834
ARRAY BIOPHARMA INC,1100412,8071
ARRHYTHMIA RESEARCH TECHNOLOGY INC /DE/,0819689,3845
ARRIS GROUP INC,1141107,3663
ARROW ELECTRONICS INC,0007536,5065
ARROW FINANCIAL CORP,0717538,6021
ARROW INTERNATIONAL INC,0886046,3841
ARROW RESOURCES DEVELOPMENT INC,0795255,3663
ARROWHEAD RESEARCH CORP,0879407,8731
ART ADVANCED RESEARCH TECHNOLOGIES INC,1094026,3826
ART BOUTIQUE INC,1129458,6770
ART TECHNOLOGY GROUP INC,1086195,7372
ARTCRAFT III INC,1294611,9995
ARTCRAFT V INC,1294614,7374
ARTESIAN RESOURCES CORP,0863110,4941
ARTHROCARE CORP,1005010,3845
ARTIFICIAL LIFE INC,1070361,7372
ARTISTDIRECT INC,1095079,7389
ARTS WAY MANUFACTURING CO INC,0007623,3523
ARVANA INC,1113313,9995
ARVINMERITOR INC,1113256,3714
AS STEAMSHIP CO TORM,1168351,4400
ASAH CORP,1257499,8000
ASANTE TECHNOLOGIES INC,0913598,3576
ASAT HOLDINGS LTD,1102384,3674
ASBURY AUTOMOTIVE GROUP INC,1144980,5500
ASCENDANT SOLUTIONS INC,1080029,7389
ASCONI CORP,0847917,2080
ASE TEST LTD,1014838,3674
ASHFORD HOSPITALITY TRUST INC,1232582,6798
ASHWORTH INC,0820774,2320
ASI ENTERTAINMENT INC,1067873,3728
ASI TECHNOLOGY CORP,0007951,3679
ASIA BIOTECHNOLOGY GROUP INC,1302646,2834
ASIA PACIFIC RESOURCES LTD,0949577,1400
ASIA PAYMENT SYSTEMS INC,1085113,7389
ASIA PREMIUM TELEVISION GROUP,0860543,4833
ASIA SATELLITE TELECOMMUNICATIONS HOLDINGS LTD,1015276,4899
ASIAINFO HOLDINGS INC,1100969,7389
ASIAN FINANCIAL INC,1086142,9995
ASM INTERNATIONAL N V,0351483,3559
ASML HOLDING NV,0937966,3559
ASP VENTURES CORP,1101298,9995
ASPECT MEDICAL SYSTEMS INC,0886235,3845
ASPEN EXPLORATION CORP,0319458,1311
ASPEN GROUP RESOURCES CORP,1023947,1382
ASPEN INSURANCE HOLDINGS LTD,1267395,6331
ASPEN TECHNOLOGY INC /DE/,0929940,7371
AspenBio Pharma  Inc.,1167419,2835
ASPYRA INC,0712815,7373
ASSET ACCEPTANCE CAPITAL CORP,1264707,6153
Asset Back Pass-Through Certificates  Series 2004-HE3,1292369,6189
ASSET BACKED FUNDING CORP C BASS MOR LN AS BK CE SE 2004 CB1,1279671,6189
Asset Backed Funding Corp C-BASS Mortgage Loan Asset-Backed Certificates  Series 2004-CB5,1300638,6189
Asset Backed Funding Corp. ABFC Asset Backed Certificates Series 2004-OPT3,1289093,6189
ASSET BACKED PASS THRU CERTS SERIES 2004 HE1,1274537,6189
Asset Backed Pass-Through Certificates  Series 2004-HE10,1311090,6189
Asset Backed Pass-Through Certificates  Series 2004-HE4,1293183,6189
Asset Backed Pass-Through Certificates  Series 2004-HE5,1296270,6189
Asset Backed Pass-Through Certificates  Series 2004-HE6,1302187,6189
Asset Backed Pass-Through Certificates  Series 2004-HE7,1305417,6189
Asset Backed Pass-Through Certificates  Series 2004-HE8,1310369,6189
Asset Backed Pass-Through Certificates  Series 2004-HE9,1310701,6189
ASSET BACKED SEC CORP ASSET BACK PASS-THR CERTS SER 2004-HE2,1285960,6189
ASSET BACKED SEC CORP FIELDSTONE MORT INV TR SER 2004-2,1287716,6189
ASSET-BACKED CERTIFICATES SERIES 2004-HE1,1278017,6189
Asset-Backed Funding Corp. ABFC Asset Backed Certificates  Series 2004-OPT4,1296183,6189
Asset-Backed Funding Corp. ABFC Asset Backed Certificates  Series 2004-OPT5,1306021,6189
ASSET-BACKED PASS-THROUGH CERTIFICATES SERIES 2004-R2,1286298,6189
ASSET-BACKED PASS-THROUGH CERTIFICATES SERIES 2004-W1,1278829,6189
ASSET-BACKED PASS-THROUGH CERTIFICATES  SERIES 2004-R5,1292240,6189
ASSOCIATED BANC-CORP,0007789,6022
ASSOCIATED ESTATES REALTY CORP,0911635,6798
ASSOCIATED MATERIALS INC,0802967,3089
ASSURANCEAMERICA CORP,0008497,6331
ASSURANT INC,1267238,6321
ASSURED GUARANTY LTD,1273813,6351
Assured Pharmacy  Inc.,1100592,5912
ASTA FUNDING INC,1001258,6153
ASTEA INTERNATIONAL INC,0945989,7372
ASTEC INDUSTRIES INC,0792987,3531
ASTORIA FINANCIAL CORP,0910322,6035
ASTRALIS LTD,1099066,2834
ASTRATA GROUP INC,1071157,3829
ASTRAZENECA PLC,0901832,2834
ASTRIS ENERGI INC,1022518,3690
ASTRO MED INC /NEW/,0008146,3577
ASTRONICS CORP,0008063,3728
ASV INC /MN/,0926763,3531
ASYST TECHNOLOGIES INC,0909326,3559
ATS HOLDINGS INC,1273197,7510
ATT INC.,0732717,4813
ATARI INC,1002607,7372
ATC HEALTHCARE INC /DE/,0720480,8082
ATEL CAPITAL EQUIPMENT FUND IX LLC,1125264,7359
ATEL CAPITAL EQUIPMENT FUND VII LP,1019542,7359
ATEL CAPITAL EQUIPMENT FUND VIII LLC,1069152,7359
ATEL CAPITAL EQUIPMENT FUND X LLC,1186258,7359
ATEL Capital Equipment Fund XI  LLC,1297667,7359
ATEL CASH DISTRIBUTION FUND V L P,0892875,7359
ATEL CASH DISTRIBUTION FUND VI LP,0927569,7359
ATHEROGENICS INC,1107601,2834
ATHEROS COMMUNICATIONS INC,1140486,3674
ATI TECHNOLOGIES INC,1065331,3575
ATLANTIC AMERICAN CORP,0008177,6311
ATLANTIC BANCGROUP INC,1087790,6035
ATLANTIC COAST ENTERTAINMENT HOLDINGS INC,1269977,7011
ATLANTIC COAST FEDERAL CORP,1284077,6035
ATLANTIC SECURITY INC,1102743,9995
ATLANTIC SYNDICATION NETWORK INC,1085129,7819
ATLANTIC TELE NETWORK INC /DE,0879585,4813
ATLANTIC WINE AGENCIES INC,1142790,6770
ATLANTICA INC,1062506,6770
ATLANTIS PLASTICS INC,0811828,3081
ATLAS AIR WORLDWIDE HOLDINGS INC,1135185,4522
ATLAS AMERICA INC,1279228,1311
ATLAS AMERICA PUBLIC  NO 10 LTD,1157516,1381
Atlas America Public #14-2004 L.P.,1294476,1311
ATLAS AMERICA PUBLIC 11-2002 LTD,1175028,1311
ATLAS AMERICA PUBLIC 12 2003 PROGRAM,1238289,1311
ATLAS AMERICA PUBLIC NO 9 LTD,1121745,1382
ATLAS FUTURES FUND LIMITED PARTNERSHIP,0865549,6221
ATLAS MINING CO,0008328,1040
ATLAS PIPELINE PARTNERS LP,1092914,4922
Atlas South Sea Pearl LTD,1011974,0900
ATM FINANCIAL CORP,1221554,7389
ATMEL CORP,0872448,3674
ATMI INC,1041577,2810
ATMOS ENERGY CORP,0731802,4924
ATMOSPHERIC GLOW TECHNOLOGIES INC,1020676,8711
ATNA RESOURCES LTD,1041548,1000
ATP OIL  GAS CORP,1123647,1311
ATRION CORP,0701288,3841
ATS MEDICAL INC,0824068,3842
ATSI COMMUNICATIONS INC/DE,1014052,4813
ATTUNITY LTD,0893821,7372
ATWOOD OCEANICS INC,0008411,1381
AU OPTRONICS CORP,1172494,3674
AUBURN NATIONAL BANCORPORATION INC,0750574,6022
AUCXIS CORP,1102233,7389
AUDIBLE INC,1077926,7389
AUDIOCODES LTD,1086434,3661
AUDIOVOX CORP,0807707,5065
AURELIA ENERGY N V,1172374,3812
AURELIO RESOURCE CORP,1295803,1000
AURIGA LABORATORIES  INC.,1072313,7389
AURIZON MINES LTD,0913955,1090
AURORA GOLD CORP,1037049,1000
AURORA METALS BVI LTD,1117073,1400
Aurora Oil  Gas CORP,0933157,1311
Austin Chalk Oil  Gas,1098590,1311
AUSTRAL PACIFIC ENERGY LTD,1041829,1382
AUSTRALIA  NEW ZEALAND BANKING GROUP LTD,0859994,6029
AUSTRALIAN CANADIAN OIL ROYALTIES LTD,1061288,6792
AUSTRALIAN OIL  GAS CORP,1080634,1311
AUTHENTIDATE HOLDING CORP,0885074,7373
AUTHORISZOR INC,0850083,7372
AUTO UNDERWRITERS OF AMERICA  INC.,0726747,6141
AUTOBYTEL  INC,1023364,7370
AUTOCAM CORP/MI,0879235,3714
AUTODESK INC,0769397,7372
AUTOIMMUNE INC,0879106,2836
AUTOINFO INC,0351017,4210
AUTOLIV INC,1034670,3714
AUTOMATIC DATA PROCESSING INC,0008670,7374
AUTONATION INC /FL,0350698,5500
AUTOSTRADA MOTORS INC,1286923,5010
AUTOZONE INC,0866787,5531
AUX (USA) INC.,1289277,6770
AUXILIO INC,1011432,7389
AUXILIUM PHARMACEUTICALS INC,1182129,2834
AVALON ENERGY CORP.,0746631,1311
AVALON HOLDINGS CORP,1061069,4953
Avalon Oil  Gas  Inc.,0918573,1311
AVALONBAY COMMUNITIES INC,0915912,6798
AVANEX CORP,1056794,3674
AVANI INTERNATIONAL GROUP INC //,1048701,2086
AVANIR PHARMACEUTICALS,0858803,2834
AVANT IMMUNOTHERAPEUTICS INC,0744218,2835
Avantogen Oncology  Inc.,0894538,9995
AVATAR HOLDINGS INC,0039677,1531
AVATAR SYSTEMS INC,0707063,7372
AVATECH SOLUTIONS INC,0852437,7372
AVAX TECHNOLOGIES INC,1015441,2836
AVAYA INC,1116521,3661
Aventura Holdings Inc.,0878802,7812
AVENUE ENTERTAINMENT GROUP INC /DE/,1023298,7819
AVENUE GROUP INC,1100006,1311
AVERY DENNISON CORPORATION,0008818,2670
AVI BIOPHARMA INC,0873303,2834
AVIALL INC,0701650,5080
AVIATION UPGRADE TECHNOLOGIES INC,1094847,3714
AVICI SYSTEMS INC,1094895,3576
AVID TECHNOLOGY INC,0896841,3861
AVIGEN INC \DE,0932903,2835
AVINO SILVER  GOLD MINES LTD,0316888,1000
AVISTA CORP,0104918,4931
AVISTAR COMMUNICATIONS CORP,1111632,3576
AVITAR INC /DE/,0814008,3842
AVNET INC,0008858,5065
AVOCENT CORP,1109808,3577
AVON PRODUCTS INC,0008868,2844
AVP INC,0930817,7997
AVVAA WORLD HEALTH CARE PRODUCTS INC,1092534,2834
AVX CORP,0859163,3670
AWARE INC /MA/,1015739,3674
AXA,0898427,6311
AXA FINANCIAL INC,0888002,6311
AXCAN PHARMA INC,1116094,5122
AXCELIS TECHNOLOGIES INC,1113232,3559
AXCESS INTERNATIONAL INC/TX,0710597,7373
AXESSTEL INC,1092492,3669
AXIAL VECTOR ENGINE CORP,1144130,3510
Axion Power International  Inc.,1028153,3690
AXIS CAPITAL HOLDINGS LTD,1214816,6331
AXM PHARMA INC,1113643,2834
AXONYX INC,1070698,2834
AXS ONE INC,0947427,7372
AXSYS TECHNOLOGIES INC,0206030,3827
AXT INC,1051627,3674
AZTAR CORP,0852807,7990
AZTEC OIL  GAS  INC.,0789606,1311
AZUR HOLDINGS  INC.,0785544,6770
Azur International  Inc.,1093673,7389
AZZ INC,0008947,3640
